Image,PostLink,Content,Type,Date,Views,Likes,Replies,Reposts,Quotes,Shares,Engagement
,"https://www.threads.com/@ryoooooo256/post/DVa0Oq9jYfI","顧問税理士が補助金の話を持ってきたことが一度もない会社は、攻めのパートナーが不在です。","TEXT_POST",2026-03-03 19:31,3176,8,1,0,0,0,"0.28"
,"https://www.threads.com/@ryoooooo256/post/DVaqFUljNEm","キャリアアップ助成金は、正社員にするだけでお金が入る、経営者にとってもっとも使いやすい助成金のひとつです。","TEXT_POST",2026-03-03 18:02,610,2,0,0,0,0,"0.33"
,"https://www.threads.com/@ryoooooo256/post/DVYPcGSDFKR","補助金を「ズルい」と思う社長と、「当然の権利」と思う社長では、5年後の会社の規模が別物になります。","TEXT_POST",2026-03-02 19:31,4652,9,1,0,0,0,"0.21"
,"https://www.threads.com/@ryoooooo256/post/DVYFRNGihgg","新事業創出補助金で最大9,000万円、返済不要です。","TEXT_POST",2026-03-02 18:02,2447,21,8,0,0,0,"1.19"
,"https://www.threads.com/@ryoooooo256/post/DVVnUnljBcO","補助金の不正受給がバレれば、全額返還に加えて加算金が課され、企業名が公表されます。
さらに5年間の受給停止処分が下り、銀行融資にも影響が出ます。

「グレーなコンサルに頼んだだけ」という言い訳は通らず、責任を負うのは申請した会社の代表者本人です。","TEXT_POST",2026-03-01 19:02,3270,9,0,0,1,0,"0.31"
,"https://www.threads.com/@ryoooooo256/post/DVVc5IBDL-z","人材開発支援助成金を使えば、社員の研修費の最大75%が戻ってきます。","TEXT_POST",2026-03-01 17:31,2962,4,0,0,0,0,"0.14"
,"https://www.threads.com/@ryoooooo256/post/DVS_EwpDF8b","人材開発支援助成金を使えば、社員をタダ同然で育てられます。
採用費を積む前に、今いる人を国の金で伸ばす発想を持ってください。","TEXT_POST",2026-02-28 18:32,1624,2,0,0,0,0,"0.12"
,"https://www.threads.com/@ryoooooo256/post/DVSq9H9ksxE","5月に激アツ助成金が到来します。
条件を満たせば100〜200万近く貰えます。","TEXT_POST",2026-02-28 15:35,632,10,1,0,0,0,"1.74"
,"https://www.threads.com/@ryoooooo256/post/DVSqJQQEsYm","助成金は意外と
創業期の方が受けやすいって知ってた？","TEXT_POST",2026-02-28 15:28,2312,3,0,0,0,0,"0.13"
,"https://www.threads.com/@ryoooooo256/post/DVSprU1EoI2","生成AIツールを導入したい人は
AI導入補助金を活用するのがおすすめです。
質問あったらコメ欄へ！","TEXT_POST",2026-02-28 15:24,165,1,0,0,0,0,"0.61"
,"https://www.threads.com/@ryoooooo256/post/DVQ2nNIEleJ","【介護職オーナー必見】
介護職の採用が激アツになります🔥
 「緊急の賃金引き上げ支援」が来ます！","TEXT_POST",2026-02-27 22:39,2178,2,1,0,0,0,"0.14"
,"https://www.threads.com/@ryoooooo256/post/DVQrfMhjZuj","従業員が5人いる会社なら、研修・採用・DX・省エネなどの名目で年間200万円以上の助成金や補助金が狙える計算になります。
申請しないだけで、その分を他社に譲り渡しているのと実質的には変わりません。
今自分の会社がどのくらい補助金を受け取れるか知りたい方は固定投稿をご覧ください。","TEXT_POST",2026-02-27 21:02,118,1,0,0,0,0,"0.85"
,"https://www.threads.com/@ryoooooo256/post/DVQhDCxDV-Y","IT導入補助金、今年も動いています。
AIを絡めた申請が採択されやすくなっているので、導入を検討中なら今が動き時です。","TEXT_POST",2026-02-27 19:31,2409,2,0,0,0,0,"0.08"
,"https://www.threads.com/@ryoooooo256/post/DVPdGtTkmNe","小規模事業者持続化補助金が
いよいよ近づいてきてますねぇ
使いたい人は今のうちに準備しておいてください！","TEXT_POST",2026-02-27 09:36,4427,14,0,0,0,0,"0.32"
,"https://www.threads.com/@ryoooooo256/post/DVN_5vUjIQC","税金は1円単位で払うのに、小規模事業者持続化補助金は申請すらしない。
その非対称さに気づいた社長から、キャッシュの景色が変わります。","TEXT_POST",2026-02-26 20:03,4540,7,0,0,0,0,"0.15"
,"https://www.threads.com/@ryoooooo256/post/DVN1ZHtjcua","助成金を使わない採用は、定価でしか買い物をしない経営と同じです。","TEXT_POST",2026-02-26 18:31,2185,4,1,0,0,0,"0.23"
,"https://www.threads.com/@ryoooooo256/post/DVM2z6dEnEI","補助金や助成金は期限があるから
早め早めに対策をしないと
受けたい時に受けられなくなります。","TEXT_POST",2026-02-26 09:23,2136,1,0,0,0,0,"0.05"
,"https://www.threads.com/@ryoooooo256/post/DVMtTSlkl1F","新規事業を考えてる人は
新事業創出補助金を活用してください。
最大9000万くらい補助されます。","TEXT_POST",2026-02-26 08:00,14334,61,0,0,1,0,"0.43"
,"https://www.threads.com/@ryoooooo256/post/DVLlL_GDZZO","キャリアアップ助成金、知ってますか。
非正規を正社員にするだけで、1人あたり最大80万円が会社に入ります。","TEXT_POST",2026-02-25 21:31,1939,3,0,0,0,0,"0.15"
,"https://www.threads.com/@ryoooooo256/post/DVLbGwwjCFh","補助金を「もらうもの」と表現する社長と、「使うもの」と表現する社長では、経営の設計がまるで違います。
前者は採択されることを目的にして申請書を書き、後者は事業の成長に必要な投資を先に決めてから補助金を当てはめます。

この違いは小さいようで、採択率にも採択後の事業の結果にも大きな差として現れます。
補助金は国が用意した政策の道具であり、使う側が事業の成長に活かして初めてその意味を果たします。

返済不要だからといって、事業に必要のない設備を買うために使うことは、制度の趣旨からも経営の判断としても正しくありません。

線引きとして覚えておいてほしいのは、この補助金を使った1年後に会社が強くなっているかどうかです。その答えが見えない申請は、採択されても会社の力にはなりません。
補助金は武器であり、武器は正しい使い方をして初めて意味を持ちます。","TEXT_POST",2026-02-25 20:03,256,2,0,0,0,0,"0.78"
,"https://www.threads.com/@ryoooooo256/post/DVLQl0yjcgy","小規模事業者持続化補助金を最大250万円の枠で申請するための手順と、落とし穴を整理します。","TEXT_POST",2026-02-25 18:31,67141,59,3,0,1,0,"0.09"
,"https://www.threads.com/@ryoooooo256/post/DVKbEJsEsfi","補助金は給付金じゃないってば。
勘違いしてる人多いけど、タダで貰えるわけじゃないからね","TEXT_POST",2026-02-25 10:42,2061,4,0,0,0,0,"0.19"
,"https://www.threads.com/@ryoooooo256/post/DVJHQ9gjb2-","助成金を使わずに採用している会社は、毎回定価で採用しています。
キャリアアップ助成金を知っていれば、非正規から正社員への転換で1人あたり最大80万円が戻ってきます。","TEXT_POST",2026-02-24 22:31,1289,1,1,0,0,0,"0.16"
,"https://www.threads.com/@ryoooooo256/post/DVI9MK2jFpw","小売業が補助金を使う場合の選択肢は
思っている以上に幅が広いです。","TEXT_POST",2026-02-24 21:04,188,1,2,0,0,0,"1.6"
,"https://www.threads.com/@ryoooooo256/post/DVIyqr2inXO","補助金は「採択」されても1円も入ってきません。
実際にお金が振り込まれるのは、事業が終わって報告書を出した半年〜1年後。
つまり、それまでの「つなぎ融資」を組めない社長は、採択された瞬間にキャッシュアウトで死にます。
この時間差を計算できない素人は手を出さないこと。","TEXT_POST",2026-02-24 19:31,1825,1,0,0,0,0,"0.05"
,"https://www.threads.com/@ryoooooo256/post/DVGKjRcjBut","来年の今頃も、「人手不足だ」「資金が足りない」って同じ愚痴を言っていたい人は、そのままスルーしてください。
本気で景色を変えたい人だけ、僕の固定ポストを見て。
国の金を使って、合法的に会社を次のステージに押し上げる方法を書いてあるから。
行動しない人間に用はない。","TEXT_POST",2026-02-23 19:02,1002,1,0,0,0,0,"0.1"
,"https://www.threads.com/@ryoooooo256/post/DVGJm0zEq8i","3/6から小規模事業者持続化補助金が開始しますね！
申請したい人いますか？？","TEXT_POST",2026-02-23 18:53,100838,194,33,0,0,0,"0.23"
,"https://www.threads.com/@ryoooooo256/post/DVGHKHQEn_b","【速報】最大5億円の補助されますり
食品輸出の「超」大型支援。","TEXT_POST",2026-02-23 18:31,7374,1,1,0,0,0,"0.03"
,"https://www.threads.com/@ryoooooo256/post/DVFlJP2Erlg","ものづくり補助金を使えば、1,000万円の設備が実質250万円で手に入ります。
残りの750万円は国が負担する仕組みです。
「資金がない」と嘆く前に、この計算を一度やってみてください。","TEXT_POST",2026-02-23 13:34,2507,5,0,0,0,0,"0.2"
,"https://www.threads.com/@ryoooooo256/post/DVDsnVTDf9d","月末の資金繰り、胃が痛くなりますよね。
社員には絶対に言えないし。

その孤独な戦いを少しでも楽にするために、国が制度を用意してくれてる。
なのに「よく分からないから」ってスルーするのは、救命胴衣を投げられてるのに溺れ続けるのと同じ。","TEXT_POST",2026-02-22 20:02,883,4,1,0,0,0,"0.57"
,"https://www.threads.com/@ryoooooo256/post/DVCnLXdkhfv","国は補助金について教えてくれないので
代わりに僕が暴露します。","TEXT_POST",2026-02-22 09:54,531,1,1,0,0,0,"0.38"
,"https://www.threads.com/@ryoooooo256/post/DVA6GMkjaf8","最近急成長してるあのベンチャー、キラキラした広報してる裏で、えげつない額の補助金を活用してますよ。","TEXT_POST",2026-02-21 18:02,2820,3,0,0,0,0,"0.11"
,"https://www.threads.com/@ryoooooo256/post/DU-YnDzDUOk","銀行はお金を貸したい。でも、リスクは取りたくない。
だから「補助金が採択されました」という実績を持っていく。

国がお墨付きを与えた事業計画書があれば、銀行の態度はコロッと変わる。
補助金は「もらう」だけじゃなく、次の融資を引き出すための最強の「武器」になる。","TEXT_POST",2026-02-20 18:31,1223,1,1,0,0,0,"0.16"
,"https://www.threads.com/@ryoooooo256/post/DU9sF3oimIC","AI導入補助金使わないと99％損します。","TEXT_POST",2026-02-20 12:02,2798,4,0,0,0,0,"0.14"
,"https://www.threads.com/@ryoooooo256/post/DU7wi8_injA","「今の設備でまだ戦える」と思ってるのは、あなただけです。
あなたがそう思ってる間に、賢いライバルは補助金を使って「半額」で最新設備を導入し、生産性を倍にしてる。
3年後、価格競争で負けて「景気が悪い」とか言い訳しないように。","TEXT_POST",2026-02-19 18:02,689,3,0,0,0,0,"0.44"
,"https://www.threads.com/@ryoooooo256/post/DU7o3Q7EhJd","補助金の情報は国はわざわざ教えてくれないから、別に必要のない大手だけが受け取り、本当に必要な人には回らない。
まぁ調べも聞きもしない社長が悪いと思うが。","TEXT_POST",2026-02-19 16:54,1109,3,0,0,0,0,"0.27"
,"https://www.threads.com/@ryoooooo256/post/DU6z0JFkqNV","小規模持続化補助金もうすぐ締め切りです
申請依頼はお早めに！","TEXT_POST",2026-02-19 09:11,5825,5,1,0,0,0,"0.1"
,"https://www.threads.com/@ryoooooo256/post/DU5cPQHksaR","AI導入補助金がクソ○ミ過ぎる。","TEXT_POST",2026-02-18 20:26,54155,41,7,0,0,0,"0.09"
,"https://www.threads.com/@ryoooooo256/post/DU5PBXADJdH","社長であるあなたが現場に出て、汗水垂らして稼ぐ利益100万円。
デスクに座って、専門家と打ち合わせて書類で得る補助金1,000万円。

どっちが「時給」いいですかね？
現場主義も結構ですが、経営者の仕事は「最も効率よくキャッシュを増やすこと」だとお忘れなく。","TEXT_POST",2026-02-18 18:31,35473,141,130,0,1,0,"0.77"
,"https://www.threads.com/@ryoooooo256/post/DU2tzUajQQs","「社員の給料を上げたい」と嘆く社長ほど、補助金に見向きもしない。
これ、何のギャグですか？
精神論で給料は上がらない。
原資が必要なんです。
国から数百万、数千万引っ張ってきて、それを社員に還元する。
泥臭いことをやってやるのが、本当の「良い社長」でしょ。","TEXT_POST",2026-02-17 19:02,1776,11,1,0,0,0,"0.68"
,"https://www.threads.com/@ryoooooo256/post/DU0FbfMjYVS","あなたの顧問税理士、補助金の話を持ってきますか？
持ってこないなら、理由は2つ。

・あなたの会社の成長に興味がない。
・単純に知識がない。

税理士は「節税（守り）」のプロだけど、「資金調達（攻め）」のプロじゃない。
守りばかり固めてジリ貧になる前に、攻めのパートナーを見つけた方がいいですよ。","TEXT_POST",2026-02-16 18:31,1262,12,0,0,0,0,"0.95"
,"https://www.threads.com/@ryoooooo256/post/DUxdVXKDahT","補助金を「ズルい」と思うか、「チャンス」と思うか。
前者なら今すぐ僕をブロックしていいです。
価値観が合わない。 後者なら、今すぐ動くべき。","TEXT_POST",2026-02-15 18:02,1291,2,0,0,0,0,"0.15"
,"https://www.threads.com/@ryoooooo256/post/DUu71wRjTJX","数年前の自分に言いたい。
「補助金？怪しくない？」とか言ってる時間は、文字通り「現金を燃やしている時間」と同じだぞ。
疑うのは勝手だけど、その間にライバルは国の金で最新設備を入れて、お前の顧客を奪っていくから。","TEXT_POST",2026-02-14 18:31,681,1,0,0,0,0,"0.15"
,"https://www.threads.com/@ryoooooo256/post/DUsanNbjDKr","国は「補助金を使ってほしい」なんて思ってない。
「条件をクリアした賢い奴にだけ、こっそり渡したい」のが本音。

だから説明書（公募要領）があんなに読みづらいんです。
あの解読不能な文章を「宝の地図」だと思えるかどうかで、来期のキャッシュが決まる。","TEXT_POST",2026-02-13 19:02,794,4,0,0,0,0,"0.5"
,"https://www.threads.com/@ryoooooo256/post/DUr6dC3ksP_","補助金を取れない会社の共通点はシンプルで、
「お金が欲しい」しか言ってない。

補助金は困ってる会社じゃなくて
伸びる計画がある会社に出る。","TEXT_POST",2026-02-13 14:20,1070,3,0,0,0,0,"0.28"
,"https://www.threads.com/@ryoooooo256/post/DUpyRO4iltH","補助金申請に落ちる人の共通点
・自分でやろうとする
・締め切り直前に動く
・「もらえるのが当たり前」だと思ってる

プロに丸投げして、自分は事業を回す。
手数料をケチって数百万をドブに捨てるのが、一番「アホ」な経営判断だと気づくべき。","TEXT_POST",2026-02-12 18:31,1108,5,1,0,0,0,"0.54"
,"https://www.threads.com/@ryoooooo256/post/DUptg4FEnO6","AI導入補助金熱いねぇ。
AI導入予定の人はやるべきよね。","TEXT_POST",2026-02-12 17:49,54678,142,5,0,0,1,"0.27"
,"https://www.threads.com/@ryoooooo256/post/DUo41OOkkUO","補助金は受給出来るのにしてない会社が99%","TEXT_POST",2026-02-12 10:08,4935,4,0,0,0,0,"0.08"
,"https://www.threads.com/@ryoooooo256/post/DUnRD7ziteP","100万円稼ぐのは大変だけど、 100万円の補助金をもらうのは、書類数枚。
このチート級の攻略法を使わずに「ビジネスは厳しい」とか言ってるのは、縛りプレイを楽しんでる変態としか思えない。","TEXT_POST",2026-02-11 19:02,3867,10,0,0,0,0,"0.26"
,"https://www.threads.com/@ryoooooo256/post/DUkzJ1Sij_3","補助金って、実は「お金がない会社」を救うためのものじゃない。
「お金を正しく使って拡大する意思がある会社」に、さらにブーストをかけるためのもの。
つまり、知ってる奴はさらに加速し、知らない奴は置いていかれる。","TEXT_POST",2026-02-10 20:02,1776,8,1,1,1,0,"0.62"
,"https://www.threads.com/@ryoooooo256/post/DUkUYlrErIc","今、最も通りやすいのは『新事業創出補助金』
補助額は最大9000万円。","TEXT_POST",2026-02-10 15:33,148244,354,20,3,2,0,"0.26"
,"https://www.threads.com/@ryoooooo256/post/DUjvI5ZEk1R","補助金を使わないのって、
「節約」じゃなくて「機会損失」だと思う。

月10万の外注を半年我慢したら、
社長の時間が半年消える。","TEXT_POST",2026-02-10 10:07,2326,5,0,0,0,0,"0.21"
,"https://www.threads.com/@ryoooooo256/post/DUiZyV6Eh5C","「うちも補助金いけますか？」を
無料でシュミレーションします！

☑︎使える補助金をプロが選定（複数制度から照合）
☑︎あなたの事業だと「いくら出そうか」概算シミュレーション
☑︎要件に合う/合わないも正直に判断（無理な営業しません）
☑︎採択後の手続きまでサポートも可能

無料シミュレーションはこちらから👇
https://lin.ee/Eg69mKh","TEXT_POST",2026-02-09 21:42,3676,5,1,0,0,0,"0.16"
,"https://www.threads.com/@ryoooooo256/post/DUiJ3enEtPE","IT導入補助金で一番多い事故、
「採択されたのに1円も出ない」です。

原因はだいたいこの2つ👇","TEXT_POST",2026-02-09 19:22,1081,3,1,0,0,0,"0.37"
,"https://www.threads.com/@ryoooooo256/post/DUhl1U7kjIT","選挙で自民党（高市政権）が大勝。
補助金、助成金の動きはこうなります⬇︎","TEXT_POST",2026-02-09 14:08,837,1,1,0,0,0,"0.24"
,"https://www.threads.com/@ryoooooo256/post/DUfl7bsDVZB","設備投資だけが補助金じゃない。
例えば、キャリアアップ助成金。
非正規を正社員にするだけで数十万入る。
普通に雇うのと、制度を組み合わせて雇うのでは、1人あたりの採用コストが劇的に変わる。
賢い経営者は、求人を出す前に「助成金」の枠を確保している。","TEXT_POST",2026-02-08 19:31,2218,3,0,0,0,0,"0.14"
,"https://www.threads.com/@ryoooooo256/post/DUfg98ckv1J","小規模事業者持続化補助金
遂に来ましたねぇ
申請したい方いますか？","TEXT_POST",2026-02-08 18:47,134502,283,27,0,0,0,"0.23"
,"https://www.threads.com/@ryoooooo256/post/DUfb0HhCooG","「補助金に頼るのは実力じゃない」 って言う人がたまにいるけど、国が用意したルールを最大限に活用して利益を最大化させることこそ、経営者の「実力」そのものでしょ。

規約を読み込むのが面倒なだけなのをごまかさない方がいい。
無知はコスト。","TEXT_POST",2026-02-08 18:02,1653,1,0,0,0,0,"0.06"
,"https://www.threads.com/@ryoooooo256/post/DUfXWloEtC-","補助金を「ズルい」って言う人いるけど。

僕は逆で、
補助金を使わない方が無責任だと思ってる。

制度は平等に用意されてる。
使わない＝資金を薄くして、社員と家族の未来を危険にするだけ。

経営者の仕事は会社を生き残らせること。","TEXT_POST",2026-02-08 17:23,1879,6,1,0,0,0,"0.37"
,"https://www.threads.com/@ryoooooo256/post/DUfTg7fEoqv","補助金を使わない社長、毎年「300万の権利」そのまま捨ててます。

しかも多くの人が勘違いしてるけど、
勝ち筋は「申請」じゃなくて
受給から逆算した【組織の作り方】。

・誰を雇うか
・何に投資するか
・キャッシュを厚くする順番

ここを1つズラすだけで、受給額が別物になる。","TEXT_POST",2026-02-08 16:49,1427,2,0,0,0,0,"0.14"
,"https://www.threads.com/@ryoooooo256/post/DUdBIlaDFd3","【格差の真実】
普通の社長：1,000万の設備を、銀行から借りて1,000万で買う。
ズル賢い社長：補助金を使って、1,000万の設備を300万で手に入れる。

この時点で「700万」の差がついてる。
この差は努力じゃ埋まらない。情報の差。
まだ「補助金は面倒くさい」なんて言ってるんですか？","TEXT_POST",2026-02-07 19:31,6106,15,1,0,0,0,"0.26"
,"https://www.threads.com/@ryoooooo256/post/DUc6RTUjVg4","100万円以上の買い物をするなら、3社の相見積もりが基本。
でも、安いだけの会社を選んではいけない。
補助金の実務（実績報告）に慣れていない業者を選ぶと、書類の不備で補助金が全額カットされるリスクがあるから。
「補助金対応慣れてますか？」の一言が、数百万を守る。","TEXT_POST",2026-02-07 18:31,1605,2,0,0,0,0,"0.12"
,"https://www.threads.com/@ryoooooo256/post/DUb5HigkqIq","ものづくり補助金って、
「設備買えば通る」って思われがちだけど…
それは落ちる典型です。

よくある誤解👇
「新しい機械＝正義」
→ 審査側が見てるのは“機械”じゃなくて
付加価値が上がるストーリーです。

通る設計はこう👇
① 先に“売り方”を決める
（誰に・何を・いくらで・どう売る）
② そのために必要な“工程”を描く
（現状→ボトルネック→改善後）
③ 最後に設備を置く
「だからこの設備が必要」が言える状態にする

現場で事故るポイント👇
・見積の仕様が曖昧（型番/内訳/作業範囲が薄い）
・効果がふわっとしてる
「生産性上がります」じゃ弱い
→ 作業時間が何分→何分、月何時間削減まで落とす
・補助金の期間内に納品/支払/実績報告が間に合わない
（納期長い設備で詰む）

一言アドバイス。
ものづくりは「申請」じゃなくて
事業の設計図を審査員に見せる競技です。
設備から考えた瞬間、負け始まってる。","TEXT_POST",2026-02-07 09:01,542,3,0,0,0,0,"0.55"
,"https://www.threads.com/@ryoooooo256/post/DUajOAVjOZ9","補助金の計画書に「熱意」を書くアホが多すぎる。
審査員は役人や専門家です。

彼らが求めているのは、熱意ではなく「公募要領に書かれたキーワード」との一致。
相手が指定した「評価項目」に、パズルをはめるように言葉を置いていく。
これが高得点の鉄則。","TEXT_POST",2026-02-06 20:31,849,6,0,0,0,0,"0.71"
,"https://www.threads.com/@ryoooooo256/post/DUaZGjcjYpd","汗水垂らして納税だけして、補助金を1円も受け取っていない経営者は、ただの「国へのボランティア」です。

賢い経営者は、払った税金を補助金で「経費」として回収し、次の投資に回してる。","TEXT_POST",2026-02-06 19:03,1522,3,0,0,0,0,"0.2"
,"https://www.threads.com/@ryoooooo256/post/DUaKH_QkgGf","小規模事業者持続化補助金って「書類さえ出せば通る」って訳じゃないです。

通る社長は、最初に順番を守ってます。","TEXT_POST",2026-02-06 16:51,29258,37,1,1,0,0,"0.13"
,"https://www.threads.com/@ryoooooo256/post/DUZiPOOknYp","真面目な社長ほど、毎年「数百万円」を捨ててる。
理由は簡単。国のルールを知らないだけ。
「無知はコスト」","TEXT_POST",2026-02-06 11:02,1466,6,0,0,0,0,"0.41"
,"https://www.threads.com/@ryoooooo256/post/DURrrRKEk7m","おはようございます！
今日も補助金情報発信していきます！","TEXT_POST",2026-02-03 09:51,1253,1,0,0,0,0,"0.08"
,"https://www.threads.com/@ryoooooo256/post/DUO3Frxkk2T","建設や不動産の現場を「根性」で回す時代は終わりました。

施工管理ソフト、顧客管理システム、最新の測量機器。
これらを入れるだけで「生産性向上」の補助金が数百万円単位で狙えます。","TEXT_POST",2026-02-02 07:33,1775,3,0,0,0,0,"0.17"
,"https://www.threads.com/@ryoooooo256/post/DUM1kFtkk-I","納税だけ真面目にして、受給を無視するのは「経営」じゃない。
それはただの「奉仕」。

毎年、必死に利益を出して、多額の税金と社会保険料を納める。
1代目経営者なら、その1円を稼ぐのがどれだけ大変か、身に沁みてるはず。

なのに、国が用意した制度を
「面倒だから」でスルーするのは、自分で稼いだ金をドブに捨ててるのと同じ。

国は「納めてください」とは言うけど、
「これだけ貰えますよ」とは絶対に教えてくれない。

賢い経営者は、払った分を合法的に、かつ最大効率で回収する。
汗水垂らすのは当たり前。
そこで得た利益を守るために、もっと「賢く」立ち回るべき。","TEXT_POST",2026-02-01 12:41,486,4,1,0,0,0,"1.03"
,"https://www.threads.com/@ryoooooo256/post/DULKfhiEuGq","従業員の給料日前に、通帳を見てため息をつく夜。
経営者なら一度は経験があるはず。

「もっと稼がなきゃ」と自分を追い込む前に、まずは国から受け取れる正当な権利を確認してほしい。","TEXT_POST",2026-01-31 21:05,1089,6,0,0,0,0,"0.55"
,"https://www.threads.com/@ryoooooo256/post/DUH7jCKktOh","「男性社員が育休を取ると現場が回らない」と嘆く前に、これを見てください。

男性の育休取得を促進するだけで、最大数十万円の助成金が会社に入ります。
代替要員を雇う費用や、業務をカバーする他の社員への手当に充てられる。","TEXT_POST",2026-01-30 14:57,1229,1,0,0,0,0,"0.08"
,"https://www.threads.com/@ryoooooo256/post/DUFxkCFEo1w","年商3億・社員10人の会社をシミュレーションしたら、今年だけで「4,000万円」受給できる結果が出ました。

自分の会社の受給金額が気になる方は無料でシュミレーションします！
DMで「診断」と一言ください。","TEXT_POST",2026-01-29 18:51,244,3,0,0,0,0,"1.23"
,"https://www.threads.com/@ryoooooo256/post/DUFASTpkrKm","補助金業界は「怪しい業者」が多すぎて、同じプロとして反吐が出ます。

自分の利益のために、数年後に返還リスクがあるような無理な申請をさせる。
そんなの、経営者のパートナーじゃありません。","TEXT_POST",2026-01-29 11:41,989,5,0,0,0,0,"0.51"
,"https://www.threads.com/@ryoooooo256/post/DUAmlxyEo4R","「社員の教育費が高い」と悩む前に『人材開発支援助成金』を調べてください。

外部研修費の最大75%が戻ってくるだけでなく、研修中の賃金（1時間800円〜）まで国が助成してくれます。

つまり「タダ」で社員をレベルアップさせ、生産性を上げられる。
採用にお金をかけるより、今の社員を国の金で育てる方が、よっぽど賢い。","TEXT_POST",2026-01-27 18:39,1100,7,0,0,0,0,"0.64"
,"https://www.threads.com/@ryoooooo256/post/DT9P-oVki9T","実は、最大100万円規模で「サイバーセキュリティ対策」の助成が出る制度があります。
PCの入れ替えやウイルス対策ソフトだけでなく、社員への標的型メール訓練まで対象。","TEXT_POST",2026-01-26 11:24,2451,1,0,0,0,0,"0.04"
,"https://www.threads.com/@ryoooooo256/post/DT6-moeEi7x","利益率5%の商売で1,000万円の「純利益」を残すには、2億円の売上が必要。
でも、1,000万円の補助金を受け取るのに必要なのは、正しい情報と少しの準備だけ。","TEXT_POST",2026-01-25 14:14,2469,2,0,0,0,0,"0.08"
,"https://www.threads.com/@ryoooooo256/post/DT4nczwEisk","なぜ、僕が補助金事業をしているのか語らせてください。

理由はシンプル。
僕自身が「知らない」というだけで、
数千万円単位の損をしてきたからです。

昔は、とにかく「気合と根性」で売上を作ればいいと思ってた。
でも、どれだけ稼いでも、税金や採用費でキャッシュが削られていく。
常に「お金の不安」が隣り合わせ。

そんな時に補助金や助成金という「ルール」を知った。
単に申請するだけじゃなくて、受給から逆算して組織を整え、浮いた資金を広告費に投資して『集客の自動化』を組んだ。

キャッシュフローが劇的に改善し、
新しい事業に迷わず投資できるようになった。
会社は面白いほど右肩上がりに伸びていった。

「知っているか、知らないか」
たったこれだけで、経営者の人生は変わる。

真面目に頑張る社長が、無知ゆえに潰れていくのを放っておけない。
自分が救われたこの『賢い経営』を、すべての1代目経営者に届けたい。

当たり前だけど経営者はみんな頑張ってる。
だからこそ『もっと賢く経営をしよう』ってことを伝えたい。
経営はもっと自由になれる。","TEXT_POST",2026-01-24 16:13,369,8,1,0,0,0,"2.44"
,"https://www.threads.com/@ryoooooo256/post/DT1aewRkr-Q","従業員が5人いたら、年間で最低「200万円」は損してると思っていい。

研修、採用、DX、エコ化。国はあらゆる名目で金を配りたがってるのに、申請しないだけでその200万を他社に譲っているのと同じです。","TEXT_POST",2026-01-23 10:22,2258,4,0,0,0,0,"0.18"
,"https://www.threads.com/@ryoooooo256/post/DTzwD3iEmVa","もっとズル賢く経営をするべき。

少し仕組みを変えるだけで受け取れる補助金助成金は無限に増える。

ある種、国の制度をハックしていく感覚が経営には必要。

当たり前だけど法律の範囲内でね。","TEXT_POST",2026-01-22 18:52,668,2,0,0,0,0,"0.3"
,"https://www.threads.com/@ryoooooo256/post/DTyn3ptkjn7","『この補助金申請したいです』って言われたものだけを申請する会社にはなりたくない。

そんな事は誰でも出来るしAIに任せておけば良い。

会社のルールや仕組み、採用する人材など、既存のやり方を1ミリ変えるだけで受け取れる補助金、助成金の幅は無限に広がる。

2万種類以上ある全ての補助金助成金を網羅してるからこそ、それを提案するのが弊社の仕事です。","TEXT_POST",2026-01-22 08:21,534,3,0,0,0,0,"0.56"
,"https://www.threads.com/@ryoooooo256/post/DTyiJxGklm0","おはようございます！
今日も補助金情報提供していきます！","TEXT_POST",2026-01-22 07:31,187,2,0,0,0,0,"1.07"
,"https://www.threads.com/@ryoooooo256/post/DTxkR2gkh48","『持続化補助金』を50万の枠で満足してる社長、もったいない。
賃上げや創業の条件を満たせば、上限は「250万円」まで跳ね上がるんだよね。","TEXT_POST",2026-01-21 22:30,11740,15,0,0,0,0,"0.13"
,"https://www.threads.com/@ryoooooo256/post/DTxD5Jukpb3","1,000万クラスの機械やシステムを入れるなら『ものづくり補助金』一択。

500万の設備が実質125万で手に入る。この投資インパクトを無視して「金がない」と嘆くのは、もはや経営放棄です。","TEXT_POST",2026-01-21 17:47,7093,11,0,0,0,0,"0.16"
,"https://www.threads.com/@ryoooooo256/post/DTwxo4uEuIR","チラシ、HP制作、SNS広告。
集客を頑張りたいなら『小規模事業者持続化補助金』一択。","TEXT_POST",2026-01-21 15:08,5000,15,2,0,0,0,"0.34"
,"https://www.threads.com/@ryoooooo256/post/DTwR3gikj-N","補助金をもらうことがゴールじゃない。
そのお金で新しい設備を入れ、新しい仲間を雇い、会社が成長することがゴール。","TEXT_POST",2026-01-21 10:30,2444,5,1,0,0,0,"0.25"
,"https://www.threads.com/@ryoooooo256/post/DTu48DjEgk9","小規模事業者持続化補助金がもうそろそろですね。
かなり人気の補助金！
興味ある人はDMで連絡してきてください！","TEXT_POST",2026-01-20 21:33,49094,233,24,1,0,0,"0.53"
,"https://www.threads.com/@ryoooooo256/post/DTurr8kkqQl","『事業承継・引継ぎ補助金』を使えば、M&Aの専門家手数料や、引き継ぎ後の設備投資に最大600万円の補助が出ます。

廃業するにも金がかかる時代。
「引き継ぐ側」も「譲る側」も、まずこの600万を確保してから動くのが、経営の定石。","TEXT_POST",2026-01-20 19:37,4542,8,1,0,0,0,"0.2"
,"https://www.threads.com/@ryoooooo256/post/DTuSshKkrS2","1人正社員にするだけで「80万円」もらえる。
『キャリアアップ助成金』は、もはや経営者のボーナスです。","TEXT_POST",2026-01-20 15:59,2477,4,0,0,0,0,"0.16"
,"https://www.threads.com/@ryoooooo256/post/DTtl5oyEnSz","税金は1円単位で払うのに、補助金は1円も受け取らない。
経営者として「ドM」すぎます。","TEXT_POST",2026-01-20 09:28,5232,8,0,0,0,0,"0.15"
,"https://www.threads.com/@ryoooooo256/post/DTtixJlkoje","美容クリニックやサロンの経営で、一番重いのは「設備投資」と「採用費」

医療・美容業界でも使える、人件費や設備への助成金は実はかなり手厚い。","TEXT_POST",2026-01-20 09:00,2811,3,0,0,0,0,"0.11"
,"https://www.threads.com/@ryoooooo256/post/DTsTCVcElBA","2026年、補助金の「返還請求」の嵐が来る。
以前のガバガバだった審査が終わり、今後はAIを使った「不正検知」が本格化。
知らずに「グレーなコンサル」に頼んだツケを払わされるのは、コンサルじゃなく社長本人。","TEXT_POST",2026-01-19 21:24,3395,6,0,0,0,0,"0.18"
,"https://www.threads.com/@ryoooooo256/post/DTsEx2Wkvi-","営業利益を1,000万増やすのは至難の業。
でも、1,000万の補助金を「見つける」のはシミュレーション1回で終わる。

自分の会社がいくら受給出来るか知りたい人いますか？","TEXT_POST",2026-01-19 19:19,526,3,1,0,0,0,"0.76"
,"https://www.threads.com/@ryoooooo256/post/DTr7wKtEkd9","補助金の上限が「50億円」？

『大規模成長投資補助金』は、工場の新設や大型ラインの導入に最大50億まで出ます。
1/3〜1/2を国が持ってくれる、中小企業向けとしては異次元の規模。","TEXT_POST",2026-01-19 18:00,8706,5,3,0,0,0,"0.09"
,"https://www.threads.com/@ryoooooo256/post/DTrDk97kn1f","実は「市区町村」が出してる独自の助成金が一番エグい。
国が2/3補助、さらに自治体が上乗せして「実質負担ゼロ（10/10）」になるケースも普通にあります。","TEXT_POST",2026-01-19 09:49,3437,2,0,0,0,0,"0.06"
,"https://www.threads.com/@ryoooooo256/post/DTq5fF8Erp0","おはようございます！
今日はスレッズ経由でご連絡くれた会社さんのシュミレーションを5件やってきます！","TEXT_POST",2026-01-19 08:21,1449,2,0,0,0,0,"0.14"
,"https://www.threads.com/@ryoooooo256/post/DTpzEfKkgdU","【実話】
年商3億の誇り
「補助金なんて」と笑っていた社長の末路","CAROUSEL_ALBUM",2026-01-18 22:06,457,1,0,0,0,0,"0.22"
,"https://www.threads.com/@ryoooooo256/post/DToom7Nkvo_","年商3億くらいまでなら補助金、助成金は年商の3分の1くらい受給出来るケースが殆どです！
結構馬鹿にならない金額です笑","TEXT_POST",2026-01-18 11:15,4815,7,1,0,0,0,"0.17"
,"https://www.threads.com/@ryoooooo256/post/DTmFv_9kh3L","「妊婦採用」はリスクじゃないんだよね。

離職期間がある方なら「トライアル雇用助成金」の対象です。 
国から月最大4万円（×3ヶ月）のサポートを受けながら、お互いの相性を確かめる。
 「戦力」を探している社長、実はこれが一番の穴場ルートです。","TEXT_POST",2026-01-17 11:32,2550,1,0,0,0,0,"0.04"
,"https://www.threads.com/@ryoooooo256/post/DTlo90DEw7f","助成金の仕組みはこんな感じ！","IMAGE",2026-01-17 07:21,582,2,0,0,0,0,"0.34"
,"https://www.threads.com/@ryoooooo256/post/DTkktsQEkLI","【3億の誇り】
「補助金なんて、一度も使ったことがない」
という社長へ。","TEXT_POST",2026-01-16 21:24,8599,12,3,0,0,0,"0.17"
,"https://www.threads.com/@ryoooooo256/post/DTjnrhtEkR7","「円安」を嘆く社長、補助金で活用する社長。

 「いいモノを作っても国内じゃ買い叩かれる…」 なら、補助金で世界へ。 
市場調査から海外展示会まで、国が500万円までバックアップ。 
海外展開はリスクなしで挑めるよ。","TEXT_POST",2026-01-16 12:31,1452,3,0,0,0,0,"0.21"
,"https://www.threads.com/@ryoooooo256/post/DTgsS16EnkP","小規模持続化補助金って本当にすごいよね！
採択率も高いからおすすめの補助金！

1人オーナーでも年商5億でも幅広く活用できるのがすごいところ。

例えば、75万円の投資に対して50万円が戻ってくるので、実質25万円の負担で済む！
せっかくの制度、賢く使わない手はないよね！","TEXT_POST",2026-01-15 09:13,1278,4,0,0,0,0,"0.31"
,"https://www.threads.com/@ryoooooo256/post/DTfZKhkEraQ","社員の「勉強代」と「時給」を、国に全振りする。 または 「AI研修」をタダで受けさせ、さらにお金を貰う方法。

「人材開発支援助成金」を知らないのは、もはや経営の怠慢。 
研修費の最大75%が戻るだけでなく、訓練中の「時給」まで国が一部肩代わり。","TEXT_POST",2026-01-14 21:07,1319,3,0,0,0,0,"0.23"
,"https://www.threads.com/@ryoooooo256/post/DTfJ9GfEk-I","めっちゃDMに問い合わせ来てるので、少しお待ちください！","TEXT_POST",2026-01-14 18:54,1357,4,0,0,0,0,"0.29"
,"https://www.threads.com/@ryoooooo256/post/DTe1VX_Eo0Y","【保存版】自己負担0円も夢じゃない。

補助金を「1つだけ」申請して満足してる人はとろけたホワイトチョコレートより甘いです。 
賢い社長がやっている「掛け合わせ」のチート術を教えます。","TEXT_POST",2026-01-14 15:54,2753,6,1,0,0,0,"0.25"
,"https://www.threads.com/@ryoooooo256/post/DTeCR5KEtU_","「廃業」は損。「売却」なら600万もらえる。 
または 「会社をタダで買う」時代、始まってます。

2026年、大廃業時代。 
でも賢い社長は、補助金を使って「他社の販路や技術」を格安で買っています。 
仲介手数料や設備投資に最大600万円。
 「0円で事業拡大」は、夢物語じゃなく今のスタンダード。 
リタイアを考える人も、攻めたい人も知っておくべき。","TEXT_POST",2026-01-14 08:28,26569,179,5,2,0,0,"0.7"
,"https://www.threads.com/@ryoooooo256/post/DTc9tB7Eoe0","会社経営してるのに補助金、助成金使ってない人損してますよ！
従業員ゼロでも個人事業主でも誰でも受けられます！","TEXT_POST",2026-01-13 22:29,43841,311,40,0,0,0,"0.8"
,"https://www.threads.com/@ryoooooo256/post/DTc3a2REgeW","会社を潰す社長は「銀行」へ行く。 
会社を伸ばす社長は「助成金」を調べる。

この決定的な差、分かりますかね？

・融資は「返さなければいけない借金」 
・補助金は「返さなくていい資産」

銀行から1000万借りたら、利子をつけて返さないといけない。 
でも、補助金で1000万確保したら、それはそのまま次の投資に回せる。","TEXT_POST",2026-01-13 21:34,4295,30,0,0,0,0,"0.7"
,"https://www.threads.com/@ryoooooo256/post/DTcxSbGEi03","中小を狙う「ハッカー」から、タダで会社を守る方法。

2026年、中小企業を狙ったサイバー攻撃が急増中。 
情報漏洩の賠償金で会社を飛ばす前に、この助成金で「防御壁」を張ってください。 
システムの導入からメール訓練まで、国がしっかりサポートしてくれます。","TEXT_POST",2026-01-13 20:40,1755,7,0,0,0,0,"0.4"
,"https://www.threads.com/@ryoooooo256/post/DTcqZfDkogt","めっちゃ独り言なんですけど

「補助金は書類が面倒」と言う社長。
「面倒な書類はプロに投げる」社長。

1年後、現預金に「2000万」の差がついてるのは後者です。

社長が30時間かけて書類を書き、採択されるか不安な日々を過ごす。 
その時間を「営業」や「経営判断」に使えば、もっと稼げるはず。

手数料を惜しんで「自分でやろう」とするのは、経営ではなくただの「事務作業」です。

経営者の仕事は「書類を書くこと」ではなくキャッシュを最大化させる判断をすること。","TEXT_POST",2026-01-13 19:40,1507,12,0,0,0,0,"0.8"
,"https://www.threads.com/@ryoooooo256/post/DTcQHiREkUu","はっきり言います。 
補助金は「もらった後」が本当の戦いです。

税務調査より恐ろしいのが、補助金の「実地調査（抜き打ち調査）」。 
ここでミスが見つかれば、最悪「全額返還＋5年間の受給停止＋社名公表」という地獄が待っています。

一発アウトになる、うっかりミス3選⬇︎","TEXT_POST",2026-01-13 15:50,987,8,2,0,0,0,"1.01"
,"https://www.threads.com/@ryoooooo256/post/DTbiYimEqgZ","【速報】2026年度予算案から見る
「これから国が金を出す分野」予測。

補助金のトレンドは、すでに決まっています。
まぁとりあえず見てください⬇︎⬇︎⬇︎","TEXT_POST",2026-01-13 09:11,1240,1,1,0,0,0,"0.16"
,"https://www.threads.com/@ryoooooo256/post/DTbZZgVklP0","これを知らないだけで年間300万損してます。

2026年、自分の業種でどの補助金が使えるか把握していますか？

業種別の「これだけは出しておけ」リスト⬇︎","TEXT_POST",2026-01-13 07:52,4497,2,1,0,0,0,"0.07"
,"https://www.threads.com/@ryoooooo256/post/DTaXRJTkvPd","正直、同業者から消されるかもしれませんが、言います。

最近ニュースになった「19億円の補助金返還命令」。
騙された企業の多くは「うちは真っ当なコンサルに頼んだ」と思ってたはず。

プロが見れば「関わってはいけない業者」には共通点があります。 
後から「1円残らず返せ」と言われて地獄を見ないために、この3つだけは絶対チェックしてください。","TEXT_POST",2026-01-12 22:14,6366,17,3,0,0,0,"0.31"
,"https://www.threads.com/@ryoooooo256/post/DTaUncDkkPj","社員の産休は喜びなさない。
国から「最大140万」もらえます。

社員が産休・育休に入る時、一番怖いのは「現場の崩壊」。
「両立支援等助成金」を使えば
・代わりに人を雇うなら ➡︎ 67.5万円 
・既存社員でカバーするなら ➡︎ 最大140万円","TEXT_POST",2026-01-12 21:51,5519,7,0,0,0,0,"0.13"
,"https://www.threads.com/@ryoooooo256/post/DTaNIhuEipE","キャッシュに余裕がない小さい会社こそ、補助金助成金を受けるべきなのに、めんどくさがって受け取ろうとしない。","TEXT_POST",2026-01-12 20:46,3092,4,0,0,0,0,"0.13"
,"https://www.threads.com/@ryoooooo256/post/DTaFGv4kpbP","電気代を払うのは「損」。
設備を国に買わせるのが「正解」。

「省エネ補助金」を使えば、最新のエアコンや照明への交換が最大2/3補助。 
節電を頑張るより、国のお金で「設備を丸ごと替える」のが、2026年の最速コスト削減。","TEXT_POST",2026-01-12 19:36,2993,4,1,0,0,0,"0.17"
,"https://www.threads.com/@ryoooooo256/post/DTZy4vHkqt8","2026年版  知らないと損！
中小企業が 「今すぐ貰えるお金」5選

2026年、個人事業主や中小企業が「これだけはチェックしておくべき」補助金を5つに厳選しました。

特に5つ目は、意外とみんな見落としています。 今のうちに「保存」して、申請漏れがないか確認してください👇","TEXT_POST",2026-01-12 16:56,867,3,5,0,0,0,"0.92"
,"https://www.threads.com/@ryoooooo256/post/DTZTP2dEgNQ","2026年のインバウンド、もはや「バブル」を通り越してます。
観光庁の最新予算が、前年比2.4倍の1,383億円に激増。

今、国が最もお金を注ぎ込んでいるのは、モノを売る「爆買い対策」ではなく、日本を体験してもらう「コト消費」への補助です。

特に以下の3つを検討中の事業者は、今すぐ公募要領を確認すべき。

① 体験型コンテンツの創出
伝統工芸、日本文化、食体験など。
これらを「外国人向けの商品」にするための開発費。
なんと最大400万〜800万円まで、自己負担0（10/10補助）で通る枠まであります。

② 多言語対応のインフラ整備
翻訳機の導入、メニューの英語化、多言語サイト制作。

③ キャッシュレス対応
決済端末の導入やシステム連携。
②と③は補助率2/3が基本。
つまり、30万円の投資なら実質10万円で最新設備が整う計算。

「英語ができない」「決済が面倒」という理由で取りこぼしていた数兆円の市場、国のお金で拾いに行けます。
公募開始は2月〜3月がピーク。
今から準備しておかないと、予算が尽きて終了です。","TEXT_POST",2026-01-12 12:20,395,3,0,0,0,0,"0.76"
,"https://www.threads.com/@ryoooooo256/post/DTZP2ThkjZf","補助金助成金という助け舟を国が用意してくれてるのに受け取らずに国は何もしてくれないと言うのは経営者としていかがなものかと。","TEXT_POST",2026-01-12 11:50,2073,4,0,0,0,0,"0.19"
,"https://www.threads.com/@ryoooooo256/post/DTY97aGkll-","今年の補助金は「AI」がキーワードになります。","TEXT_POST",2026-01-12 09:14,5214,3,0,0,0,0,"0.06"
,"https://www.threads.com/@ryoooooo256/post/DTXyWZ_EtPL","「副業・兼業人材活用促進補助金」
優秀なSNS運用者やエンジニアを雇いたい。
でも月給30万は出せない…。
そんな経営者や個人事業主にオススメ。

・週1回のSNS戦略会議
・ECサイトのスポット構築
・DX化のアドバイス

こういう「プロのピンポイントな力」を借りる時の委託費を、自治体が最大50万円も補助してくれます。","TEXT_POST",2026-01-11 22:13,496,2,0,0,0,0,"0.4"
,"https://www.threads.com/@ryoooooo256/post/DTXP4NJEm5i","はっきり言います。
税金払ってるのに補助金助成金の申請すらしない人はドMです。","TEXT_POST",2026-01-11 17:12,9633,3,0,0,0,0,"0.03"
,"https://www.threads.com/@ryoooooo256/post/DTXE-EnEsCo","補助金は使うべきだよね。","IMAGE",2026-01-11 15:37,712,1,0,0,0,0,"0.14"
,"https://www.threads.com/@ryoooooo256/post/DTWftpNEqGm","106億回言ってますが、新事業進出補助金は神です。

使わないと損だし、使うだけでだいぶ資金繰り安定します。

新事業進出補助金の神ってるポイント紹介します。早速行きます⬇︎","TEXT_POST",2026-01-11 10:11,602,5,5,0,0,0,"1.66"
,"https://www.threads.com/@ryoooooo256/post/DTWOK3dkzVm","補助金、助成金って99%の会社が貰えるのに貰ってる会社は5%レベル。94%の会社は損してるで。","TEXT_POST",2026-01-11 07:38,9251,10,0,0,0,0,"0.11"
,"https://www.threads.com/@ryoooooo256/post/DTVJEsNEqU1","【速報】","IMAGE",2026-01-10 21:34,573,2,0,0,0,0,"0.35"
,"https://www.threads.com/@ryoooooo256/post/DTU_rPGEo7P","年商3億で社員10人の会社の補助金、助成金のシュミレーションしたけど、少なく見積もって今年だけで4000万は受給出来るシュミレーションになった。
税金払ってるんだから貰うもん貰ったほうが賢いよね。","TEXT_POST",2026-01-10 20:12,8449,23,1,0,0,0,"0.28"
,"https://www.threads.com/@ryoooooo256/post/DTUvtLaElWn","2026年　激アツ補助金6選","IMAGE",2026-01-10 17:52,4053,28,0,0,0,0,"0.69"
,"https://www.threads.com/@ryoooooo256/post/DTUhTGWEg-b","なぜ儲かっている社長ほど
「会社」を何個も作るのか？
補助金で1億稼ぐ男の、エグすぎる思考法。

賢い経営者が会社を複数持つ、本当の理由を暴露します。","TEXT_POST",2026-01-10 15:46,516,2,1,0,0,0,"0.58"
,"https://www.threads.com/@ryoooooo256/post/DTUQhBPEoW8","事業再構築補助金はオワコン。
次に来る『〇〇補助金』がバブル確定👍

賢い社長がすでに目を向けている「次のバブル」は、間違いなく『大規模成長投資補助金』と『省力化投資補助金』です。

なぜこれらが「バブル確定」なのか？
1. 国の予算が「事業転換」から「生産性向上」に完全にシフトしたから

2. カタログから選ぶだけの「省力化」は、申請のハードルが異常に低いから

3. 最大50億円規模の大型枠があり、コンサルも今ここを一番狙っているから","TEXT_POST",2026-01-10 13:20,7626,35,0,1,0,0,"0.47"
,"https://www.threads.com/@ryoooooo256/post/DTUBnDAEreW","東京都より豪華な
『地方自治体限定』の補助金リスト💰

①「移住×起業」のコンボが最強
国からの移住支援金（最大100万〜300万）に加えて、自治体独自の「創業支援」を組み合わせる。これだけで、事業実績ゼロでも500万〜1000万規模のキャッシュを確保できる自治体がゴロゴロあります。

②家賃・オフィス代が「実質0円」
空き家や廃校を活用すれば、家賃補助で月額固定費がほぼ消滅。中には「改修費で数百万円」を全額負担してくれるチート自治体も。固定費が低い＋補助金＝負けようがないビジネスモデルの完成です。

③人を雇うだけで「100万単位」のボーナス
東京なら1人雇っても微々たる助成金ですが、地方の特定地域なら、地元の人を1人雇用するたびに100万〜200万の奨励金が出るケースも。","TEXT_POST",2026-01-10 11:10,1141,14,0,0,0,0,"1.23"
,"https://www.threads.com/@ryoooooo256/post/DTT4utyEvH0","【総額19億円】
エッグフォワードの助成金不正受給の構図","IMAGE",2026-01-10 09:52,767,3,0,0,0,0,"0.39"
,"https://www.threads.com/@ryoooooo256/post/DTSzDwOksZD","会社を潰す社長は、まず「銀行」へ行く。
会社を伸ばす社長は、まず「助成金」を調べる。

この差が、1年後の現預金に「2,000万」の差を生む。","TEXT_POST",2026-01-09 23:43,32481,119,2,2,1,0,"0.38"
,"https://www.threads.com/@ryoooooo256/post/DTSq0gqEled","【2026年最新】
名前が変わり「激変する補助金」3選

①デジタル化・AI導入補助金
　（旧：IT導入補助金）
→ついに名前に「AI」が入りました。単なるソフト導入ではなく、AI活用による生産性向上が受給のカギに。

② 中小企業新事業進出補助金
　（旧：ものづくり補助金＋事業再構築）
→大型補助金が統合。
最大「9,000万円」という破格の規模。

③ 省力化投資補助金
→カタログから選ぶだけの「超・簡易型」が主流に。人手不足に悩む社長は、これ一択です。","TEXT_POST",2026-01-09 22:31,1670,14,0,0,0,0,"0.84"
,"https://www.threads.com/@ryoooooo256/post/DTSIhbckgIN","【2026年】国からお金をもらう方法3選

ぶっちゃけ、これを知ってる経営者と知らない経営者で、数年後の手残りキャッシュが「数千万円」変わります。

① IT導入補助金（最大450万）
・PC、タブレット、レジも対象
・インボイス対応、まだの人はこれ使わないと損。
・ぶっちゃけ、これで社内のデバイス全部入れ替えた知人もいます。

② 省エネ補助金（最大数億）
・エアコン、ボイラー、照明の更新
・これ、電気代高騰の今、最強の対策です。
・導入費を国に持ってもらって、月々の固定費を下げる。もはや「錬金術」です。

③ 小規模事業者持続化補助金（最大250万）
・広告費、Webサイト、展示会。
・「売上を伸ばすための資金」を国が肩代わりしてくれます。
・枠によっては最大250万。これ、使わない理由ありますか？

補助金は「早い者勝ち」の側面もあります。","TEXT_POST",2026-01-09 17:31,8420,45,1,0,0,0,"0.55"
,"https://www.threads.com/@ryoooooo256/post/DTR6HbPEkPn","めんどくさいから補助金助成金は使わないって言ってる社長は怠慢だと思う。","TEXT_POST",2026-01-09 15:26,4355,6,0,0,0,0,"0.14"
,"https://www.threads.com/@ryoooooo256/post/DTRfMTdEo7n","補助金を使わなかった社長の末路","CAROUSEL_ALBUM",2026-01-09 11:30,5834,18,1,1,0,0,"0.34"
,"https://www.threads.com/@ryoooooo256/post/DTRUenFElA7","正社員1人でも狙える「返済不要の資金」3選

「うちは小さいから貰えない」と諦めるのは、現金を捨てているのと同じ。
従業員1名からでも狙える、鉄板の助成金・補助金を3つ厳選しました。","TEXT_POST",2026-01-09 09:57,4907,13,1,0,0,0,"0.29"
,"https://www.threads.com/@ryoooooo256/post/DTRLEBfki8S","【超重要】19億円の返還命令。

ニュースでも話題の、コンサル会社「エッグフォワード」によるリスキリング助成金の不正受給問題。
関与した178社に対し、国が下した判断は「総額19億円の全額返還」。
恐ろしいのは、騙された企業の多くが「うちは真っ当な研修を受けた」と思わされていたこと。
残された企業には「19億円の負債」と「5年間の受給停止」、そして「社名公表」という地獄が待っている。","TEXT_POST",2026-01-09 08:34,20496,111,4,10,1,0,"0.61"
,"https://www.threads.com/@ryoooooo256/post/DTQNzUckps3","【2026年 賢い補助金の使い方】

①利益に直結する「部署」を決める
→まずはAI導入やSNS運用など、「投資すれば売上が上がる場所」を特定。

②補助金の「逆引き」をする
→やりたいことに補助金を合わせるのではなく、
「今、国が金を出したい分野」に自社の事業をすり合わせていく。

③キャッシュフローを計算する
→補助金は「後払い」が基本。
入金までの資金繰りまで計画するのが「本当に賢い社長」のやり方。

④採択実績のあるプロに丸投げ
→社長の時給は10万円以上。
面倒な書類はプロに任せて、自分は「経営」に集中する。

⑤浮いた金でさらに「次」を打つ
→補助金でもらったキャッシュをそのまま次の広告費に全振り。このループで競合を引き離す。","TEXT_POST",2026-01-08 23:39,739,7,0,1,0,0,"1.08"
,"https://www.threads.com/@ryoooooo256/post/DTQKNIMEuK7","うちの会社の正社員が1人だった時代に貰えた助成金と補助金の合計額2300万。無知は罪。","TEXT_POST",2026-01-08 23:08,24431,70,5,0,0,0,"0.31"
,"https://www.threads.com/@ryoooooo256/post/DTP9WM6kqVQ","【国を騙した社長の「エグい」末路】

補助金の不正受給がバレれば、全額返金＋加算金。
さらに「不正受給企業」として実名公表。
銀行融資は即ストップ、取引先は去り、
残るのは「前科」と「借金」だけ。","TEXT_POST",2026-01-08 21:15,3569,3,0,0,0,0,"0.08"
,"https://www.threads.com/@ryoooooo256/post/DTPRNw-kuAh","9割の社長が間違えている
「補助金の正しい使い順」

Step1：見積もり前に「相談」する
→先に契約したらアウト。補助金は「交付決定前」の支払いは1円も認められないのが鉄則。

Step2：補助金業者を「相見積もり」
→手数料の安さだけで選ばない。
採択後の「実績報告」まで並走してくれる業者か見極める。

Step3：証拠書類を「全保存」
→領収書、振込控え、納品物。
「これくらいいいだろう」が命取り。
国は1円単位のズレも許しません。

Step4：入金後に「監査対策」
→お金が入ってからが本当のスタート。
5年間の保管義務を徹底し、「いつでも調査に来い」の状態で構える。","TEXT_POST",2026-01-08 14:50,671,5,0,1,0,0,"0.89"
,"https://www.threads.com/@ryoooooo256/post/DTPFNYYkuO8","【東京都創業助成金がエグい】

都内で起業するならこれ一択。
最大400万円。賃料や人件費まで対象。
これスルーして起業するのはもはや損。","TEXT_POST",2026-01-08 13:05,2151,11,4,0,1,0,"0.74"
,"https://www.threads.com/@ryoooooo256/post/DTOxU_cElUk","税金を納めているのに、補助金は貰わないって良い人過ぎるって。
納税という日本人の義務を果たしてるんだから、貰える補助金は貰った方が得って思ってしまう。","TEXT_POST",2026-01-08 10:11,1763,2,0,0,0,0,"0.11"
,"https://www.threads.com/@ryoooooo256/post/DTNZ65YkmEF","300万のシステムを買って
国が3分の2（200万）を補助して
補助金業者が3分の2（200万）をキックバック。
受給者と業者は100万ずつ儲かる。
これ、ただの「補助金詐欺」です。","TEXT_POST",2026-01-07 21:27,52086,137,9,0,1,0,"0.28"
,"https://www.threads.com/@ryoooooo256/post/DTNXwJSkrWN","【利益率の差はここにある】
必死に営業して利益を出す自社と、補助金で経費をゼロにする隣の会社。
この時点で「戦う前」に負けてます。","TEXT_POST",2026-01-07 21:08,1297,2,0,0,0,0,"0.15"
,"https://www.threads.com/@ryoooooo256/post/DTNWzfcEhbA","【知らないと1億円損する補助金3選】

① IT導入補助金（最大450万）
・PC、タブレット、レジも対象
・「IT化なんてまだ先」は倒産リスク
・インボイス対応で国からお金をもらう

② 省エネ補助金（最大数億）
・エアコン、ボイラー、照明の更新
・電気代を下げて、導入費も国が持つ
・これを使わないのは「営業妨害」レベル

③ 小規模事業者持続化補助金
・広告費、Webサイト、展示会
・「売るためのお金」を肩代わり
・最大250万はデカすぎます","TEXT_POST",2026-01-07 21:00,2294,27,0,0,0,0,"1.18"
